registry_version,policy_version,season_type,canonical_gender_code,canonical_event_code,canonical_event_name,performance_count,athlete_count,school_count,record_mark_raw,record_mark_normalized,anchor_status,performance_context,pending_ratification,outside_regular_collegiate_season,tfn_eligibility_verified,holder,school,record_date_text,mark_flags,source_key,source_url,source_as_of,source_line,source_html_sha256,parser_method,selection_direction,selection_policy
collegiate_eligibility_anchors_v1_1,tfn_regular_plus_explicit_verified_postseason_pending_active_v1,indoor,f,1000M,1000m,18538,7535,333,2:37.72,157.72,ratified_active_anchor,regular_collegiate_season,False,False,True,Sophia Gorrorian,Harvard,2/22/26,,women_indoor,https://trackandfieldnews.com/records/womens-indoor-collegiate-records/,"May 09, 2026","1000 2:37.72 Sophia Gorrorian (Harvard) Boston, Massachusetts 2/22/26",6580e9e9d1890eb569a0c837b4ee202f2b685db34a583e761c8ee796b681979f,table,lower_is_better,best T&FN-listed collegiate-eligible mark; verified outside-season and pending marks allowed
collegiate_eligibility_anchors_v1_1,tfn_regular_plus_explicit_verified_postseason_pending_active_v1,indoor,f,1500M,1500m,969,740,171,4:01.60,241.6,ratified_active_anchor,regular_collegiate_season,False,False,True,lma Nielsen’,Oregon,2/14/26,,women_indoor,https://trackandfieldnews.com/records/womens-indoor-collegiate-records/,"May 09, 2026","1500 4:01.60 Wilma Nielsen’ (Oregon) Boston, Massachusetts 2/14/26",6580e9e9d1890eb569a0c837b4ee202f2b685db34a583e761c8ee796b681979f,table,lower_is_better,best T&FN-listed collegiate-eligible mark; verified outside-season and pending marks allowed
collegiate_eligibility_anchors_v1_1,tfn_regular_plus_explicit_verified_postseason_pending_active_v1,indoor,f,200M,200m,108556,21020,352,22.01,22.01,ratified_active_anchor,regular_collegiate_season,False,False,True,Julien Alfred’,Texas,3/11/23,(A),women_indoor,https://trackandfieldnews.com/records/womens-indoor-collegiate-records/,"May 09, 2026","200 22.01(A) Julien Alfred’ (Texas) Albuquerque, New Mexico 3/11/23",6580e9e9d1890eb569a0c837b4ee202f2b685db34a583e761c8ee796b681979f,table,lower_is_better,best T&FN-listed collegiate-eligible mark; verified outside-season and pending marks allowed
collegiate_eligibility_anchors_v1_1,tfn_regular_plus_explicit_verified_postseason_pending_active_v1,indoor,f,3000M,3000m,73710,17481,362,8:31.39,511.39,ratified_active_anchor,regular_collegiate_season,False,False,True,Doris Lemngole’,Alabama,2/01/26,,women_indoor,https://trackandfieldnews.com/records/womens-indoor-collegiate-records/,"May 09, 2026","3000 8:31.39 Doris Lemngole’ (Alabama). New York, New York 2/01/26",6580e9e9d1890eb569a0c837b4ee202f2b685db34a583e761c8ee796b681979f,table,lower_is_better,best T&FN-listed collegiate-eligible mark; verified outside-season and pending marks allowed
collegiate_eligibility_anchors_v1_1,tfn_regular_plus_explicit_verified_postseason_pending_active_v1,indoor,f,300M,300m,10062,6484,320,35.80,35.8,ratified_active_anchor,regular_collegiate_season,False,False,True,Abby Steiner,Kentucky,12/11/21,,women_indoor,https://trackandfieldnews.com/records/womens-indoor-collegiate-records/,"May 09, 2026","300 35.80 Abby Steiner (Kentucky) Louisville, Kentucky 12/11/21",6580e9e9d1890eb569a0c837b4ee202f2b685db34a583e761c8ee796b681979f,table,lower_is_better,best T&FN-listed collegiate-eligible mark; verified outside-season and pending marks allowed
collegiate_eligibility_anchors_v1_1,tfn_regular_plus_explicit_verified_postseason_pending_active_v1,indoor,f,400M,400m,83944,15925,353,49.24,49.24,ratified_active_anchor,regular_collegiate_season,False,False,True,Bella Whittaker,Arkansas,3/15/25,,women_indoor,https://trackandfieldnews.com/records/womens-indoor-collegiate-records/,"May 09, 2026","400 49.24 Bella Whittaker (Arkansas) Virginia Beach, Virginia 3/15/25",6580e9e9d1890eb569a0c837b4ee202f2b685db34a583e761c8ee796b681979f,table,lower_is_better,best T&FN-listed collegiate-eligible mark; verified outside-season and pending marks allowed
collegiate_eligibility_anchors_v1_1,tfn_regular_plus_explicit_verified_postseason_pending_active_v1,indoor,f,5000M,5000m,27902,9286,358,14:44.79,884.79,ratified_active_anchor,regular_collegiate_season,False,False,True,Jane Hedengren,BYU,12/06/25,,women_indoor,https://trackandfieldnews.com/records/womens-indoor-collegiate-records/,"May 09, 2026","5000 14:44.79 Jane Hedengren (BYU) Boston, Massachusetts 12/06/25",6580e9e9d1890eb569a0c837b4ee202f2b685db34a583e761c8ee796b681979f,table,lower_is_better,best T&FN-listed collegiate-eligible mark; verified outside-season and pending marks allowed
collegiate_eligibility_anchors_v1_1,tfn_regular_plus_explicit_verified_postseason_pending_active_v1,indoor,f,500M,500m,14914,4796,261,1:08.40,68.4,ratified_active_anchor,regular_collegiate_season,False,False,True,Sage Watson’,Arizona,2/03/17,,women_indoor,https://trackandfieldnews.com/records/womens-indoor-collegiate-records/,"May 09, 2026","500 1:08.40 Sage Watson’ (Arizona) New York, New York 2/03/17",6580e9e9d1890eb569a0c837b4ee202f2b685db34a583e761c8ee796b681979f,table,lower_is_better,best T&FN-listed collegiate-eligible mark; verified outside-season and pending marks allowed
collegiate_eligibility_anchors_v1_1,tfn_regular_plus_explicit_verified_postseason_pending_active_v1,indoor,f,600M,600m,12275,6118,344,1:24.19,84.19,ratified_active_anchor,regular_collegiate_season,False,False,True,Sanu Jallow-Lockhart’,Arkansas,1/16/26,,women_indoor,https://trackandfieldnews.com/records/womens-indoor-collegiate-records/,"May 09, 2026","600 1:24.19 Sanu Jallow-Lockhart’ (Arkansas) Fayetteville, Arkansas 1/16/26",6580e9e9d1890eb569a0c837b4ee202f2b685db34a583e761c8ee796b681979f,table,lower_is_better,best T&FN-listed collegiate-eligible mark; verified outside-season and pending marks allowed
collegiate_eligibility_anchors_v1_1,tfn_regular_plus_explicit_verified_postseason_pending_active_v1,indoor,f,60H,60m Hurdles,116383,9769,346,7.72,7.72,ratified_active_anchor,regular_collegiate_season,False,False,True,Ackera Nugent’,Arkansas,3/10/23,(A),women_indoor,https://trackandfieldnews.com/records/womens-indoor-collegiate-records/,"May 09, 2026","60 Hurdles 7.72(A) Ackera Nugent’ (Arkansas) Albuquerque, New Mexico 3/10/23",6580e9e9d1890eb569a0c837b4ee202f2b685db34a583e761c8ee796b681979f,table,lower_is_better,best T&FN-listed collegiate-eligible mark; verified outside-season and pending marks allowed
collegiate_eligibility_anchors_v1_1,tfn_regular_plus_explicit_verified_postseason_pending_active_v1,indoor,f,60M,60m,124173,16614,349,6.94,6.94,ratified_active_anchor,regular_collegiate_season,False,False,True,Julien Alfred’,Texas,3/11/23,(A),women_indoor,https://trackandfieldnews.com/records/womens-indoor-collegiate-records/,"May 09, 2026","60 6.94(A) Julien Alfred’ (Texas) Albuquerque, New Mexico 3/11/23",6580e9e9d1890eb569a0c837b4ee202f2b685db34a583e761c8ee796b681979f,table,lower_is_better,best T&FN-listed collegiate-eligible mark; verified outside-season and pending marks allowed
collegiate_eligibility_anchors_v1_1,tfn_regular_plus_explicit_verified_postseason_pending_active_v1,indoor,f,800M,800m,90203,20079,357,1:58.40,118.4,ratified_active_anchor,regular_collegiate_season,False,False,True,Athing Mu,Texas A&M,2/27/21,,women_indoor,https://trackandfieldnews.com/records/womens-indoor-collegiate-records/,"May 09, 2026","800 1:58.40 Athing Mu (Texas A&M) Fayetteville, Arkansas 2/27/21",6580e9e9d1890eb569a0c837b4ee202f2b685db34a583e761c8ee796b681979f,table,lower_is_better,best T&FN-listed collegiate-eligible mark; verified outside-season and pending marks allowed
collegiate_eligibility_anchors_v1_1,tfn_regular_plus_explicit_verified_postseason_pending_active_v1,indoor,f,HJ,High Jump,64797,7877,339,2.00,2.0,ratified_active_anchor,regular_collegiate_season,False,False,True,Lamara Distin’,Texas A&M,2/24/24,,women_indoor,https://trackandfieldnews.com/records/womens-indoor-collegiate-records/,"May 09, 2026","High Jump 2.00 | 6-6¾ Lamara Distin’ (Texas A&M) Fayetteville, Arkansas 2/24/24",6580e9e9d1890eb569a0c837b4ee202f2b685db34a583e761c8ee796b681979f,table,higher_is_better,best T&FN-listed collegiate-eligible mark; verified outside-season and pending marks allowed
collegiate_eligibility_anchors_v1_1,tfn_regular_plus_explicit_verified_postseason_pending_active_v1,indoor,f,LJ,Long Jump,89040,11685,345,7.03,7.03,ratified_active_anchor,regular_collegiate_season,False,False,True,Jasmine Moore,Florida,3/10/23,,women_indoor,https://trackandfieldnews.com/records/womens-indoor-collegiate-records/,"May 09, 2026","Long Jump 7.03 | 23-¾(A) Jasmine Moore (Florida) Albuquerque, New Mexico 3/10/23",6580e9e9d1890eb569a0c837b4ee202f2b685db34a583e761c8ee796b681979f,table,higher_is_better,best T&FN-listed collegiate-eligible mark; verified outside-season and pending marks allowed
collegiate_eligibility_anchors_v1_1,tfn_regular_plus_explicit_verified_postseason_pending_active_v1,indoor,f,MILE,Mile,88095,20673,361,4:20.61,260.61,ratified_active_anchor,regular_collegiate_season,False,False,True,Riley Chamberlain,BYU,2/14/26,,women_indoor,https://trackandfieldnews.com/records/womens-indoor-collegiate-records/,"May 09, 2026","Mile 4:20.61 Riley Chamberlain (BYU) Boston, Massachusetts 2/14/26",6580e9e9d1890eb569a0c837b4ee202f2b685db34a583e761c8ee796b681979f,table,lower_is_better,best T&FN-listed collegiate-eligible mark; verified outside-season and pending marks allowed
collegiate_eligibility_anchors_v1_1,tfn_regular_plus_explicit_verified_postseason_pending_active_v1,indoor,f,PENT,Pentathlon,15217,4275,325,4746,4746.0,ratified_active_anchor,regular_collegiate_season,False,False,True,Tyra Gittens’,Texas A&M,3/11/21,,women_indoor,https://trackandfieldnews.com/records/womens-indoor-collegiate-records/,"May 09, 2026","Pentathlon 4746 Tyra Gittens’ (Texas A&M) Fayetteville, Arkansas 3/11/21",6580e9e9d1890eb569a0c837b4ee202f2b685db34a583e761c8ee796b681979f,table,higher_is_better,best T&FN-listed collegiate-eligible mark; verified outside-season and pending marks allowed
collegiate_eligibility_anchors_v1_1,tfn_regular_plus_explicit_verified_postseason_pending_active_v1,indoor,f,PV,Pole Vault,46971,4354,299,4.91,4.91,ratified_active_anchor,regular_collegiate_season,False,False,True,Amanda Moll,Washington,2/28/25,,women_indoor,https://trackandfieldnews.com/records/womens-indoor-collegiate-records/,"May 09, 2026","Pole Vault 4.91 | 16-1¼ Amanda Moll (Washington) Indianapolis, Indiana 2/28/25",6580e9e9d1890eb569a0c837b4ee202f2b685db34a583e761c8ee796b681979f,table,higher_is_better,best T&FN-listed collegiate-eligible mark; verified outside-season and pending marks allowed
collegiate_eligibility_anchors_v1_1,tfn_regular_plus_explicit_verified_postseason_pending_active_v1,indoor,f,SP,Shot Put,84968,10617,346,19.75,19.75,ratified_active_anchor,regular_collegiate_season,False,False,True,Axelina Johansson’,Nebraska,3/20/26,,women_indoor,https://trackandfieldnews.com/records/womens-indoor-collegiate-records/,"May 09, 2026","Shot 19.75 | 64-9¾ Axelina Johansson’ (Nebraska) Toruń, Poland 3/20/26",6580e9e9d1890eb569a0c837b4ee202f2b685db34a583e761c8ee796b681979f,table,higher_is_better,best T&FN-listed collegiate-eligible mark; verified outside-season and pending marks allowed
collegiate_eligibility_anchors_v1_1,tfn_regular_plus_explicit_verified_postseason_pending_active_v1,indoor,f,TJ,Triple Jump,43783,5574,341,15.12,15.12,ratified_active_anchor,regular_collegiate_season,False,False,True,Jasmine Moore,Florida,3/11/23,,women_indoor,https://trackandfieldnews.com/records/womens-indoor-collegiate-records/,"May 09, 2026","Triple Jump 15.12 | 49-7¼(A) Jasmine Moore (Florida) Albuquerque, New Mexico 3/11/23",6580e9e9d1890eb569a0c837b4ee202f2b685db34a583e761c8ee796b681979f,table,higher_is_better,best T&FN-listed collegiate-eligible mark; verified outside-season and pending marks allowed
collegiate_eligibility_anchors_v1_1,tfn_regular_plus_explicit_verified_postseason_pending_active_v1,indoor,f,WT,Weight Throw,70388,6411,326,25.56,25.56,ratified_active_anchor,regular_collegiate_season,False,False,True,Brittany Riley,Southern Ilinois,3/10/07,,women_indoor,https://trackandfieldnews.com/records/womens-indoor-collegiate-records/,"May 09, 2026","Weight 25.56 | 83-10¼ Brittany Riley (Southern Ilinois) Fayetteville, Arkansas 3/10/07",6580e9e9d1890eb569a0c837b4ee202f2b685db34a583e761c8ee796b681979f,table,higher_is_better,best T&FN-listed collegiate-eligible mark; verified outside-season and pending marks allowed
collegiate_eligibility_anchors_v1_1,tfn_regular_plus_explicit_verified_postseason_pending_active_v1,indoor,m,1000M,1000m,27467,9834,311,2:16.84,136.84,ratified_active_anchor,regular_collegiate_season,False,False,True,Tinoda Matsatsa,Georgetown,1/18/25,,men_indoor,https://trackandfieldnews.com/records/mens-indoor-collegiate-records/,"May 11, 2026","1000 2:16.84 Tinoda Matsatsa (Georgetown) University Park, Pennsylvania 1/18/25",3e3998802a25f8d50d76dd3c96aaf5d00d18d723ae9b2f6c09e46914a6930cf7,table,lower_is_better,best T&FN-listed collegiate-eligible mark; verified outside-season and pending marks allowed
collegiate_eligibility_anchors_v1_1,tfn_regular_plus_explicit_verified_postseason_pending_active_v1,indoor,m,1500M,1500m,1125,865,169,3:33.41,213.41,ratified_active_anchor,regular_collegiate_season,False,False,True,Gary Martin,Virginia,2/08/25,,men_indoor,https://trackandfieldnews.com/records/mens-indoor-collegiate-records/,"May 11, 2026","1500 3:33.41 Gary Martin (Virginia) New York, New York 2/08/25",3e3998802a25f8d50d76dd3c96aaf5d00d18d723ae9b2f6c09e46914a6930cf7,table,lower_is_better,best T&FN-listed collegiate-eligible mark; verified outside-season and pending marks allowed
collegiate_eligibility_anchors_v1_1,tfn_regular_plus_explicit_verified_postseason_pending_active_v1,indoor,m,200M,200m,79748,16577,310,19.95,19.95,ratified_active_anchor,regular_collegiate_season,False,False,True,Garrett Kaalund,USC,3/14/26,,men_indoor,https://trackandfieldnews.com/records/mens-indoor-collegiate-records/,"May 11, 2026","200 19.95 Garrett Kaalund (USC) Fayetteville, Arkansas 3/14/26",3e3998802a25f8d50d76dd3c96aaf5d00d18d723ae9b2f6c09e46914a6930cf7,table,lower_is_better,best T&FN-listed collegiate-eligible mark; verified outside-season and pending marks allowed
collegiate_eligibility_anchors_v1_1,tfn_regular_plus_explicit_verified_postseason_pending_active_v1,indoor,m,3000M,3000m,68362,16619,335,7:30.15,450.15,ratified_active_anchor,regular_collegiate_season,False,False,True,Ethan Strand,North Carolina,12/07/24,,men_indoor,https://trackandfieldnews.com/records/mens-indoor-collegiate-records/,"May 11, 2026","3000 7:30.15 Ethan Strand (North Carolina) Boston, Massachusetts 12/07/24",3e3998802a25f8d50d76dd3c96aaf5d00d18d723ae9b2f6c09e46914a6930cf7,table,lower_is_better,best T&FN-listed collegiate-eligible mark; verified outside-season and pending marks allowed
collegiate_eligibility_anchors_v1_1,tfn_regular_plus_explicit_verified_postseason_pending_active_v1,indoor,m,300M,300m,7854,5219,273,31.99,31.99,ratified_active_anchor,regular_collegiate_season,False,False,True,Jacory Patterson,Florida,1/15/22,,men_indoor,https://trackandfieldnews.com/records/mens-indoor-collegiate-records/,"May 11, 2026","300 31.99 Jacory Patterson (Florida) Clemson, South Carolina 1/15/22",3e3998802a25f8d50d76dd3c96aaf5d00d18d723ae9b2f6c09e46914a6930cf7,table,lower_is_better,best T&FN-listed collegiate-eligible mark; verified outside-season and pending marks allowed
collegiate_eligibility_anchors_v1_1,tfn_regular_plus_explicit_verified_postseason_pending_active_v1,indoor,m,400M,400m,72348,14109,313,44.49,44.49,ratified_active_anchor,regular_collegiate_season,False,False,True,Christopher Morales Williams’,Georgia,2/24/24,,men_indoor,https://trackandfieldnews.com/records/mens-indoor-collegiate-records/,"May 11, 2026","400 44.49 Christopher Morales Williams’ (Georgia) Fayetteville, Arkansas 2/24/24",3e3998802a25f8d50d76dd3c96aaf5d00d18d723ae9b2f6c09e46914a6930cf7,table,lower_is_better,best T&FN-listed collegiate-eligible mark; verified outside-season and pending marks allowed
collegiate_eligibility_anchors_v1_1,tfn_regular_plus_explicit_verified_postseason_pending_active_v1,indoor,m,5000M,5000m,28070,9444,328,12:57.14,777.14,ratified_active_anchor,regular_collegiate_season,False,False,True,Nico Young,Northern Arizona,1/26/24,,men_indoor,https://trackandfieldnews.com/records/mens-indoor-collegiate-records/,"May 11, 2026","5000 12:57.14 Nico Young (Northern Arizona) Boston, Massachusetts 1/26/24",3e3998802a25f8d50d76dd3c96aaf5d00d18d723ae9b2f6c09e46914a6930cf7,table,lower_is_better,best T&FN-listed collegiate-eligible mark; verified outside-season and pending marks allowed
collegiate_eligibility_anchors_v1_1,tfn_regular_plus_explicit_verified_postseason_pending_active_v1,indoor,m,500M,500m,13974,4436,230,1:00.63,60.63,ratified_active_anchor,regular_collegiate_season,False,False,True,Brycen Spratling,Pitt,2/19/12,,men_indoor,https://trackandfieldnews.com/records/mens-indoor-collegiate-records/,"May 11, 2026","500 1:00.63 Brycen Spratling (Pitt) New York, New York 2/19/12",3e3998802a25f8d50d76dd3c96aaf5d00d18d723ae9b2f6c09e46914a6930cf7,table,lower_is_better,best T&FN-listed collegiate-eligible mark; verified outside-season and pending marks allowed
collegiate_eligibility_anchors_v1_1,tfn_regular_plus_explicit_verified_postseason_pending_active_v1,indoor,m,600M,600m,10238,5121,293,1:14.67,74.67,ratified_active_anchor,regular_collegiate_season,False,False,True,Miles Brown,Michigan,2/28/26,,men_indoor,https://trackandfieldnews.com/records/mens-indoor-collegiate-records/,"May 11, 2026","600 1:14.67 Miles Brown (Michigan) Indianapolis, Indiana 2/28/26",3e3998802a25f8d50d76dd3c96aaf5d00d18d723ae9b2f6c09e46914a6930cf7,table,lower_is_better,best T&FN-listed collegiate-eligible mark; verified outside-season and pending marks allowed
collegiate_eligibility_anchors_v1_1,tfn_regular_plus_explicit_verified_postseason_pending_active_v1,indoor,m,60H,60m Hurdles,84213,7165,299,7.32,7.32,ratified_active_anchor,regular_collegiate_season,False,False,True,Ja’Kobe,,3/14/26,,men_indoor,https://trackandfieldnews.com/records/mens-indoor-collegiate-records/,"May 11, 2026","60 Hurdles 7.32 Ja’Kobe Tharp Fayetteville, Arkansas 3/14/26",3e3998802a25f8d50d76dd3c96aaf5d00d18d723ae9b2f6c09e46914a6930cf7,table,lower_is_better,best T&FN-listed collegiate-eligible mark; verified outside-season and pending marks allowed
collegiate_eligibility_anchors_v1_1,tfn_regular_plus_explicit_verified_postseason_pending_active_v1,indoor,m,60M,60m,113685,16937,310,6.45,6.45,ratified_active_anchor,regular_collegiate_season,False,False,True,Leonard Myles-Mills’,BYU,2/20/99,(A),men_indoor,https://trackandfieldnews.com/records/mens-indoor-collegiate-records/,"May 11, 2026","60 6.45(A) Leonard Myles-Mills’ (BYU) Colorado Springs, Colorado 2/20/99",3e3998802a25f8d50d76dd3c96aaf5d00d18d723ae9b2f6c09e46914a6930cf7,table,lower_is_better,best T&FN-listed collegiate-eligible mark; verified outside-season and pending marks allowed
collegiate_eligibility_anchors_v1_1,tfn_regular_plus_explicit_verified_postseason_pending_active_v1,indoor,m,800M,800m,66073,14066,327,1:44.70,104.7,ratified_active_anchor,regular_collegiate_season,False,False,True,Colin Sahlman,Northern Arizona,2/01/26,,men_indoor,https://trackandfieldnews.com/records/mens-indoor-collegiate-records/,"May 11, 2026","800 1:44.70 Colin Sahlman (Northern Arizona) New York, New York 2/01/26",3e3998802a25f8d50d76dd3c96aaf5d00d18d723ae9b2f6c09e46914a6930cf7,table,lower_is_better,best T&FN-listed collegiate-eligible mark; verified outside-season and pending marks allowed
collegiate_eligibility_anchors_v1_1,tfn_regular_plus_explicit_verified_postseason_pending_active_v1,indoor,m,HEP,Heptathlon,10510,2934,259,6639,6639.0,ratified_active_anchor,regular_collegiate_season,False,False,True,Kyle Garland,Georgia,3/10-11/23,(A),men_indoor,https://trackandfieldnews.com/records/mens-indoor-collegiate-records/,"May 11, 2026","Heptathlon 6639(A) Kyle Garland (Georgia) Albuquerque, New Mexico 3/10-11/23",3e3998802a25f8d50d76dd3c96aaf5d00d18d723ae9b2f6c09e46914a6930cf7,table,higher_is_better,best T&FN-listed collegiate-eligible mark; verified outside-season and pending marks allowed
collegiate_eligibility_anchors_v1_1,tfn_regular_plus_explicit_verified_postseason_pending_active_v1,indoor,m,HJ,High Jump,46093,6236,295,2.37,2.37,ratified_active_anchor,regular_collegiate_season,False,False,True,Hollis Conway,Louisiana-Lafayette,3/11/89,,men_indoor,https://trackandfieldnews.com/records/mens-indoor-collegiate-records/,"May 11, 2026","High Jump 2.37 | 7-9¼ Hollis Conway (Louisiana-Lafayette) Indianapolis, Indiana 3/11/89",3e3998802a25f8d50d76dd3c96aaf5d00d18d723ae9b2f6c09e46914a6930cf7,table,higher_is_better,best T&FN-listed collegiate-eligible mark; verified outside-season and pending marks allowed
collegiate_eligibility_anchors_v1_1,tfn_regular_plus_explicit_verified_postseason_pending_active_v1,indoor,m,LJ,Long Jump,64702,9511,304,8.59,8.59,ratified_active_anchor,regular_collegiate_season,False,False,True,Miguel Pate,Alabama,3/01/02,,men_indoor,https://trackandfieldnews.com/records/mens-indoor-collegiate-records/,"May 11, 2026","Long Jump 8.59 | 28-2¼ Miguel Pate (Alabama) New York, New York 3/01/02",3e3998802a25f8d50d76dd3c96aaf5d00d18d723ae9b2f6c09e46914a6930cf7,table,higher_is_better,best T&FN-listed collegiate-eligible mark; verified outside-season and pending marks allowed
collegiate_eligibility_anchors_v1_1,tfn_regular_plus_explicit_verified_postseason_pending_active_v1,indoor,m,MILE,Mile,76384,18884,334,3:48.32,228.32,ratified_active_anchor,regular_collegiate_season,False,False,True,Ethan Strand,North Carolina,2/01/25,,men_indoor,https://trackandfieldnews.com/records/mens-indoor-collegiate-records/,"May 11, 2026","Mile 3:48.32 Ethan Strand (North Carolina) Boston, Massachusetts 2/01/25",3e3998802a25f8d50d76dd3c96aaf5d00d18d723ae9b2f6c09e46914a6930cf7,table,lower_is_better,best T&FN-listed collegiate-eligible mark; verified outside-season and pending marks allowed
collegiate_eligibility_anchors_v1_1,tfn_regular_plus_explicit_verified_postseason_pending_active_v1,indoor,m,PV,Pole Vault,46630,5667,281,6.00,6.0,ratified_active_anchor,regular_collegiate_season,False,False,True,KC Lightfoot,Baylor,2/13/21,,men_indoor,https://trackandfieldnews.com/records/mens-indoor-collegiate-records/,"May 11, 2026","Pole Vault 6.00 | 19-8¼ KC Lightfoot (Baylor) Lubbock, Texas 2/13/21",3e3998802a25f8d50d76dd3c96aaf5d00d18d723ae9b2f6c09e46914a6930cf7,table,higher_is_better,best T&FN-listed collegiate-eligible mark; verified outside-season and pending marks allowed
collegiate_eligibility_anchors_v1_1,tfn_regular_plus_explicit_verified_postseason_pending_active_v1,indoor,m,SP,Shot Put,68014,8259,297,21.85,21.85,ratified_active_anchor,regular_collegiate_season,False,False,True,Turner Washington,Arizona State,2/13/21,,men_indoor,https://trackandfieldnews.com/records/mens-indoor-collegiate-records/,"May 11, 2026","Shot 21.85 | 71-8¼ Turner Washington (Arizona State) Lubbock, Texas 2/13/21",3e3998802a25f8d50d76dd3c96aaf5d00d18d723ae9b2f6c09e46914a6930cf7,table,higher_is_better,best T&FN-listed collegiate-eligible mark; verified outside-season and pending marks allowed
collegiate_eligibility_anchors_v1_1,tfn_regular_plus_explicit_verified_postseason_pending_active_v1,indoor,m,TJ,Triple Jump,30848,4497,298,17.54,17.54,ratified_active_anchor,regular_collegiate_season,False,False,True,Jaydon Hibbert’,Arkansas,3/11/23,,men_indoor,https://trackandfieldnews.com/records/mens-indoor-collegiate-records/,"May 11, 2026","Triple Jump 17.54 | 57-6½(A) Jaydon Hibbert’ (Arkansas) Albuquerque, New Mexico 3/11/23",3e3998802a25f8d50d76dd3c96aaf5d00d18d723ae9b2f6c09e46914a6930cf7,table,higher_is_better,best T&FN-listed collegiate-eligible mark; verified outside-season and pending marks allowed
collegiate_eligibility_anchors_v1_1,tfn_regular_plus_explicit_verified_postseason_pending_active_v1,indoor,m,WT,Weight Throw,54196,5129,280,25.66,25.66,ratified_active_anchor,regular_collegiate_season,False,False,True,Ryan Johnson,Iowa,2/27/26,,men_indoor,https://trackandfieldnews.com/records/mens-indoor-collegiate-records/,"May 11, 2026","Weight 25.66 | 84-2¼ Ryan Johnson (Iowa) Indianapolis, Indiana 2/27/26",3e3998802a25f8d50d76dd3c96aaf5d00d18d723ae9b2f6c09e46914a6930cf7,table,higher_is_better,best T&FN-listed collegiate-eligible mark; verified outside-season and pending marks allowed
collegiate_eligibility_anchors_v1_1,tfn_regular_plus_explicit_verified_postseason_pending_active_v1,outdoor,f,10000M,10000m,16639,5798,357,30:46.80,1846.8,pending_active_anchor,regular_collegiate_season,True,False,True,Jane Hedengren,BYU,4/03/26,p,women_absolute,https://trackandfieldnews.com/records/womens-collegiate-records/,"May 16, 2026","30:46.80p Jane Hedengren (BYU) Stanford, California 4/03/26",21627bd3e03da00d2080e044a509b19b061a6d2e72efef7618c22976f9684e5b,table,lower_is_better,best T&FN-listed collegiate-eligible mark; verified outside-season and pending marks allowed
collegiate_eligibility_anchors_v1_1,tfn_regular_plus_explicit_verified_postseason_pending_active_v1,outdoor,f,100H,100m Hurdles,92453,8679,349,12.36,12.36,ratified_active_anchor,regular_collegiate_season,False,False,True,Masai Russell,Kentucky,4/01/23,,women_absolute,https://trackandfieldnews.com/records/womens-collegiate-records/,"May 16, 2026","100 Hurdles 12.36 Masai Russell (Kentucky) Austin, Texas 4/01/23",21627bd3e03da00d2080e044a509b19b061a6d2e72efef7618c22976f9684e5b,table,lower_is_better,best T&FN-listed collegiate-eligible mark; verified outside-season and pending marks allowed
collegiate_eligibility_anchors_v1_1,tfn_regular_plus_explicit_verified_postseason_pending_active_v1,outdoor,f,100M,100m,96892,15043,354,10.63,10.63,pending_active_anchor,regular_collegiate_season,True,False,True,Adaejah Hodge’,Georgia,6/11/26,p,women_absolute,https://trackandfieldnews.com/records/womens-collegiate-records/,"May 16, 2026","10.63p Adaejah Hodge’ (Georgia) Eugene, Oregon 6/11/26",21627bd3e03da00d2080e044a509b19b061a6d2e72efef7618c22976f9684e5b,table,lower_is_better,best T&FN-listed collegiate-eligible mark; verified outside-season and pending marks allowed
collegiate_eligibility_anchors_v1_1,tfn_regular_plus_explicit_verified_postseason_pending_active_v1,outdoor,f,1500M,1500m,119058,23355,362,3:59.90,239.9,ratified_active_anchor,regular_collegiate_season,False,False,True,Jenny Simpson,Colorado,6/07/09,,women_absolute,https://trackandfieldnews.com/records/womens-collegiate-records/,"May 16, 2026","1500 3:59.90 Jenny Simpson (Colorado) Eugene, Oregon 6/07/09",21627bd3e03da00d2080e044a509b19b061a6d2e72efef7618c22976f9684e5b,table,lower_is_better,best T&FN-listed collegiate-eligible mark; verified outside-season and pending marks allowed
collegiate_eligibility_anchors_v1_1,tfn_regular_plus_explicit_verified_postseason_pending_active_v1,outdoor,f,200M,200m,124686,21907,357,21.68,21.68,pending_active_anchor,regular_collegiate_season,True,False,True,Adaejah Hodge’,Georgia,6/13/26,p,women_absolute,https://trackandfieldnews.com/records/womens-collegiate-records/,"May 16, 2026","21.68p Adaejah Hodge’ (Georgia) Eugene, Oregon 6/13/26",21627bd3e03da00d2080e044a509b19b061a6d2e72efef7618c22976f9684e5b,table,lower_is_better,best T&FN-listed collegiate-eligible mark; verified outside-season and pending marks allowed
collegiate_eligibility_anchors_v1_1,tfn_regular_plus_explicit_verified_postseason_pending_active_v1,outdoor,f,3000M,3000m,18468,9862,361,8:35.20,515.2,ratified_active_anchor,regular_collegiate_season,False,False,True,Katelyn Tuohy,NC State,2/11/23,i,women_absolute,https://trackandfieldnews.com/records/womens-collegiate-records/,"May 16, 2026","3000 8:35.20i Katelyn Tuohy (NC State) New York, New York 2/11/23",21627bd3e03da00d2080e044a509b19b061a6d2e72efef7618c22976f9684e5b,table,lower_is_better,best T&FN-listed collegiate-eligible mark; verified outside-season and pending marks allowed
collegiate_eligibility_anchors_v1_1,tfn_regular_plus_explicit_verified_postseason_pending_active_v1,outdoor,f,3000SC,3000m Steeplechase,29546,5323,358,8:58.15,538.15,ratified_active_anchor,regular_collegiate_season,False,False,True,Doris Lemngole’,Alabama,6/14/25,,women_absolute,https://trackandfieldnews.com/records/womens-collegiate-records/,"May 16, 2026","Steeple 8:58.15 Doris Lemngole’ (Alabama) Eugene, Oregon 6/14/25",21627bd3e03da00d2080e044a509b19b061a6d2e72efef7618c22976f9684e5b,table,lower_is_better,best T&FN-listed collegiate-eligible mark; verified outside-season and pending marks allowed
collegiate_eligibility_anchors_v1_1,tfn_regular_plus_explicit_verified_postseason_pending_active_v1,outdoor,f,400H,400m Hurdles,61160,6617,350,52.46,52.46,ratified_active_anchor,regular_collegiate_season,False,False,True,Savannah Sutherland’,Michigan,6/14/25,,women_absolute,https://trackandfieldnews.com/records/womens-collegiate-records/,"May 16, 2026","400 Hurdles 52.46 Savannah Sutherland’ (Michigan) Eugene, Oregon 6/14/25",21627bd3e03da00d2080e044a509b19b061a6d2e72efef7618c22976f9684e5b,table,lower_is_better,best T&FN-listed collegiate-eligible mark; verified outside-season and pending marks allowed
collegiate_eligibility_anchors_v1_1,tfn_regular_plus_explicit_verified_postseason_pending_active_v1,outdoor,f,400M,400m,81986,15178,358,48.79,48.79,pending_active_anchor,regular_collegiate_season,True,False,True,Dejanea Oakley’,Georgia,6/13/26,p,women_absolute,https://trackandfieldnews.com/records/womens-collegiate-records/,"May 16, 2026","48.79p Dejanea Oakley’ (Georgia) Eugene, Oregon 6/13/26",21627bd3e03da00d2080e044a509b19b061a6d2e72efef7618c22976f9684e5b,table,lower_is_better,best T&FN-listed collegiate-eligible mark; verified outside-season and pending marks allowed
collegiate_eligibility_anchors_v1_1,tfn_regular_plus_explicit_verified_postseason_pending_active_v1,outdoor,f,5000M,5000m,63448,15557,361,14:44.79,884.79,ratified_active_anchor,regular_collegiate_season,False,False,True,Jane Hedengren,BYU,12/06/25,i,women_absolute,https://trackandfieldnews.com/records/womens-collegiate-records/,"May 16, 2026","5000 14:44.79i Jane Hedengren (BYU) Boston, Massachusetts 12/06/25",21627bd3e03da00d2080e044a509b19b061a6d2e72efef7618c22976f9684e5b,table,lower_is_better,best T&FN-listed collegiate-eligible mark; verified outside-season and pending marks allowed
collegiate_eligibility_anchors_v1_1,tfn_regular_plus_explicit_verified_postseason_pending_active_v1,outdoor,f,800M,800m,113579,21587,361,1:56.85,116.85,pending_active_anchor,regular_collegiate_season,True,False,True,Sanu Jallow-Lockhart’,Arkansas,6/13/26,p,women_absolute,https://trackandfieldnews.com/records/womens-collegiate-records/,"May 16, 2026","1:56.85p Sanu Jallow-Lockhart’ (Arkansas) Eugene, Oregon 6/13/26",21627bd3e03da00d2080e044a509b19b061a6d2e72efef7618c22976f9684e5b,table,lower_is_better,best T&FN-listed collegiate-eligible mark; verified outside-season and pending marks allowed
collegiate_eligibility_anchors_v1_1,tfn_regular_plus_explicit_verified_postseason_pending_active_v1,outdoor,f,DT,Discus Throw,66860,5988,336,70.22,70.22,ratified_active_anchor,regular_collegiate_season,False,False,True,Jorinde van Klinken’,Arizona State,5/22/21,,women_absolute,https://trackandfieldnews.com/records/womens-collegiate-records/,"May 16, 2026","Discus 70.22 | 230-4 Jorinde van Klinken’ (Arizona State) Tucson, Arizona 5/22/21",21627bd3e03da00d2080e044a509b19b061a6d2e72efef7618c22976f9684e5b,table,higher_is_better,best T&FN-listed collegiate-eligible mark; verified outside-season and pending marks allowed
collegiate_eligibility_anchors_v1_1,tfn_regular_plus_explicit_verified_postseason_pending_active_v1,outdoor,f,HEP,Heptathlon,11804,3349,324,6755,6755.0,verified_outside_season_active_anchor,outside_regular_season_tfn_eligibility_verified,False,True,True,Anna Hall,Florida,7/17-18/22,,women_absolute,https://trackandfieldnews.com/records/womens-collegiate-records/,"May 16, 2026","Heptathlon 6755 Anna Hall (Florida) Eugene, Oregon 7/17-18/22",21627bd3e03da00d2080e044a509b19b061a6d2e72efef7618c22976f9684e5b,table,higher_is_better,best T&FN-listed collegiate-eligible mark; explicit verified outside-season and pending marks allowed
collegiate_eligibility_anchors_v1_1,tfn_regular_plus_explicit_verified_postseason_pending_active_v1,outdoor,f,HJ,High Jump,60786,7207,344,2.03,2.03,verified_outside_season_active_anchor,outside_regular_season_tfn_eligibility_verified,False,True,True,Brigetta Barrett,Arizona,8/11/12,,women_absolute,https://trackandfieldnews.com/records/womens-collegiate-records/,"May 16, 2026","High Jump 2.03 | 6-8 Brigetta Barrett (Arizona) London, England 8/11/12",21627bd3e03da00d2080e044a509b19b061a6d2e72efef7618c22976f9684e5b,table,higher_is_better,best T&FN-listed collegiate-eligible mark; explicit verified outside-season and pending marks allowed
collegiate_eligibility_anchors_v1_1,tfn_regular_plus_explicit_verified_postseason_pending_active_v1,outdoor,f,HT,Hammer Throw,69393,6017,326,77.67,77.67,ratified_active_anchor,regular_collegiate_season,False,False,True,Camryn Rogers’,Cal,6/09/22,,women_absolute,https://trackandfieldnews.com/records/womens-collegiate-records/,"May 16, 2026","Hammer 77.67 | 254-10 Camryn Rogers’ (Cal) Eugene, Oregon 6/09/22",21627bd3e03da00d2080e044a509b19b061a6d2e72efef7618c22976f9684e5b,table,higher_is_better,best T&FN-listed collegiate-eligible mark; verified outside-season and pending marks allowed
collegiate_eligibility_anchors_v1_1,tfn_regular_plus_explicit_verified_postseason_pending_active_v1,outdoor,f,JT,Javelin Throw,66176,8240,341,64.19,64.19,ratified_active_anchor,regular_collegiate_season,False,False,True,Rhema Otabor’,Nebraska,6/06/24,,women_absolute,https://trackandfieldnews.com/records/womens-collegiate-records/,"May 16, 2026","Javelin 64.19 | 210-7 Rhema Otabor’ (Nebraska) Eugene, Oregon 6/06/24",21627bd3e03da00d2080e044a509b19b061a6d2e72efef7618c22976f9684e5b,table,higher_is_better,best T&FN-listed collegiate-eligible mark; verified outside-season and pending marks allowed
collegiate_eligibility_anchors_v1_1,tfn_regular_plus_explicit_verified_postseason_pending_active_v1,outdoor,f,LJ,Long Jump,84712,10953,348,7.14,7.14,ratified_active_anchor,regular_collegiate_season,False,False,True,Tara Davis,Texas,3/26/21,,women_absolute,https://trackandfieldnews.com/records/womens-collegiate-records/,"May 16, 2026","Long Jump 7.14 | 23-5¼ Tara Davis (Texas) Austin, Texas 3/26/21",21627bd3e03da00d2080e044a509b19b061a6d2e72efef7618c22976f9684e5b,table,higher_is_better,best T&FN-listed collegiate-eligible mark; verified outside-season and pending marks allowed
collegiate_eligibility_anchors_v1_1,tfn_regular_plus_explicit_verified_postseason_pending_active_v1,outdoor,f,MILE,Mile,2911,2333,253,4:23.46,263.46,ratified_active_anchor,regular_collegiate_season,False,False,True,Şilan Ayyıldız’,Oregon,2/15/25,i,women_absolute,https://trackandfieldnews.com/records/womens-collegiate-records/,"May 16, 2026","Mile 4:23.46i Şilan Ayyıldız’ (Oregon) Boston, Massachusetts 2/15/25",21627bd3e03da00d2080e044a509b19b061a6d2e72efef7618c22976f9684e5b,table,lower_is_better,best T&FN-listed collegiate-eligible mark; verified outside-season and pending marks allowed
collegiate_eligibility_anchors_v1_1,tfn_regular_plus_explicit_verified_postseason_pending_active_v1,outdoor,f,PV,Pole Vault,47696,4327,300,4.91,4.91,ratified_active_anchor,regular_collegiate_season,False,False,True,i Amanda Moll,Washington,2/28/25,,women_absolute,https://trackandfieldnews.com/records/womens-collegiate-records/,"May 16, 2026","Pole Vault 4.91 | 16-1¼i Amanda Moll (Washington) Indianapolis, Indiana 2/28/25",21627bd3e03da00d2080e044a509b19b061a6d2e72efef7618c22976f9684e5b,table,higher_is_better,best T&FN-listed collegiate-eligible mark; verified outside-season and pending marks allowed
collegiate_eligibility_anchors_v1_1,tfn_regular_plus_explicit_verified_postseason_pending_active_v1,outdoor,f,SP,Shot Put,77174,9265,343,20.01,20.01,ratified_active_anchor,regular_collegiate_season,False,False,True,Jaida Ross,Oregon,7/23/24,,women_absolute,https://trackandfieldnews.com/records/womens-collegiate-records/,"May 16, 2026","Shot 20.01 | 65-7¾ Jaida Ross (Oregon) Fayetteville, Arkansas 7/23/24",21627bd3e03da00d2080e044a509b19b061a6d2e72efef7618c22976f9684e5b,table,higher_is_better,best T&FN-listed collegiate-eligible mark; verified outside-season and pending marks allowed
collegiate_eligibility_anchors_v1_1,tfn_regular_plus_explicit_verified_postseason_pending_active_v1,outdoor,f,TJ,Triple Jump,44839,5380,344,15.12,15.12,ratified_active_anchor,regular_collegiate_season,False,False,True,i Jasmine Moore,Florida,3/11/23,,women_absolute,https://trackandfieldnews.com/records/womens-collegiate-records/,"May 16, 2026","Triple Jump 15.12 | 49-7¼(A)i Jasmine Moore (Florida) Albuquerque, New Mexico 3/11/23",21627bd3e03da00d2080e044a509b19b061a6d2e72efef7618c22976f9684e5b,table,higher_is_better,best T&FN-listed collegiate-eligible mark; verified outside-season and pending marks allowed
collegiate_eligibility_anchors_v1_1,tfn_regular_plus_explicit_verified_postseason_pending_active_v1,outdoor,m,10000M,10000m,18636,6350,332,26:50.21,1610.21,ratified_active_anchor,regular_collegiate_season,False,False,True,shmael Kipkurui’,New Mexico,3/29/25,,men_absolute,https://trackandfieldnews.com/records/mens-collegiate-records/,"June 16, 2026","10,000 26:50.21 Ishmael Kipkurui’ (New Mexico) San Juan Capistrano, California 3/29/25",621ab15132fe314528973c412a4e32bbbee1c6a3979d611e49d37dd9d6831338,table,lower_is_better,best T&FN-listed collegiate-eligible mark; verified outside-season and pending marks allowed
collegiate_eligibility_anchors_v1_1,tfn_regular_plus_explicit_verified_postseason_pending_active_v1,outdoor,m,100M,100m,92862,15386,318,9.82,9.82,ratified_active_anchor,regular_collegiate_season,False,False,True,Christian Coleman,Tennessee,6/07/17,,men_absolute,https://trackandfieldnews.com/records/mens-collegiate-records/,"June 16, 2026","100 9.82 Christian Coleman (Tennessee) Eugene, Oregon 6/07/17",621ab15132fe314528973c412a4e32bbbee1c6a3979d611e49d37dd9d6831338,table,lower_is_better,best T&FN-listed collegiate-eligible mark; verified outside-season and pending marks allowed
collegiate_eligibility_anchors_v1_1,tfn_regular_plus_explicit_verified_postseason_pending_active_v1,outdoor,m,110H,110m Hurdles,66133,6495,302,12.75,12.75,pending_active_anchor,regular_collegiate_season,True,False,True,Ja’kobe Tharp,Auburn,6/10/26,p,men_absolute,https://trackandfieldnews.com/records/mens-collegiate-records/,"June 16, 2026","12.75p Ja’kobe Tharp (Auburn) Eugene, Oregon 6/10/26",621ab15132fe314528973c412a4e32bbbee1c6a3979d611e49d37dd9d6831338,table,lower_is_better,best T&FN-listed collegiate-eligible mark; verified outside-season and pending marks allowed
collegiate_eligibility_anchors_v1_1,tfn_regular_plus_explicit_verified_postseason_pending_active_v1,outdoor,m,1500M,1500m,113309,24416,337,3:31.04,211.04,verified_outside_season_active_anchor,outside_regular_season_tfn_eligibility_verified,False,True,True,Cole Hocker,Oregon,8/07/21,,men_absolute,https://trackandfieldnews.com/records/mens-collegiate-records/,"June 16, 2026","1500 3:31.04 Cole Hocker (Oregon) Tokyo, Japan 8/07/21",621ab15132fe314528973c412a4e32bbbee1c6a3979d611e49d37dd9d6831338,table,lower_is_better,best T&FN-listed collegiate-eligible mark; explicit verified outside-season and pending marks allowed
collegiate_eligibility_anchors_v1_1,tfn_regular_plus_explicit_verified_postseason_pending_active_v1,outdoor,m,200M,200m,85641,16569,320,19.63,19.63,pending_active_anchor,regular_collegiate_season,True,False,True,Jaiden Reid’,LSU,6/12/26,p,men_absolute,https://trackandfieldnews.com/records/mens-collegiate-records/,"June 16, 2026","19.63p Jaiden Reid’ (LSU) Eugene, Oregon 6/12/26",621ab15132fe314528973c412a4e32bbbee1c6a3979d611e49d37dd9d6831338,table,lower_is_better,best T&FN-listed collegiate-eligible mark; verified outside-season and pending marks allowed
collegiate_eligibility_anchors_v1_1,tfn_regular_plus_explicit_verified_postseason_pending_active_v1,outdoor,m,3000M,3000m,13747,8035,334,7:30.15,450.15,ratified_active_anchor,regular_collegiate_season,False,False,True,Ethan Strand,North Carolina,12/07/24,i,men_absolute,https://trackandfieldnews.com/records/mens-collegiate-records/,"June 16, 2026","3000 7:30.15i Ethan Strand (North Carolina) Boston, Massachusetts 12/07/24",621ab15132fe314528973c412a4e32bbbee1c6a3979d611e49d37dd9d6831338,table,lower_is_better,best T&FN-listed collegiate-eligible mark; verified outside-season and pending marks allowed
collegiate_eligibility_anchors_v1_1,tfn_regular_plus_explicit_verified_postseason_pending_active_v1,outdoor,m,3000SC,3000m Steeplechase,30665,5578,332,8:05.4,485.4,ratified_active_anchor,regular_collegiate_season,False,False,True,Henry Rono’,Washington State,5/13/78,,men_absolute,https://trackandfieldnews.com/records/mens-collegiate-records/,"June 16, 2026","Steeple 8:05.4 Henry Rono’ (Washington State) Seattle, Washington 5/13/78",621ab15132fe314528973c412a4e32bbbee1c6a3979d611e49d37dd9d6831338,table,lower_is_better,best T&FN-listed collegiate-eligible mark; verified outside-season and pending marks allowed
collegiate_eligibility_anchors_v1_1,tfn_regular_plus_explicit_verified_postseason_pending_active_v1,outdoor,m,400H,400m Hurdles,52108,5566,312,47.02,47.02,ratified_active_anchor,regular_collegiate_season,False,False,True,Rai Benjamin’,USC,6/08/18,,men_absolute,https://trackandfieldnews.com/records/mens-collegiate-records/,"June 16, 2026","400 Hurdles 47.02 Rai Benjamin’ (USC) Eugene, Oregon 6/08/18",621ab15132fe314528973c412a4e32bbbee1c6a3979d611e49d37dd9d6831338,table,lower_is_better,best T&FN-listed collegiate-eligible mark; verified outside-season and pending marks allowed
collegiate_eligibility_anchors_v1_1,tfn_regular_plus_explicit_verified_postseason_pending_active_v1,outdoor,m,400M,400m,84640,16033,327,43.38,43.38,pending_active_anchor,regular_collegiate_season,True,False,True,Samuel Ogazi’,Alabama,6/12/26,p,men_absolute,https://trackandfieldnews.com/records/mens-collegiate-records/,"June 16, 2026","43.38p Samuel Ogazi’ (Alabama) Eugene, Oregon 6/12/26",621ab15132fe314528973c412a4e32bbbee1c6a3979d611e49d37dd9d6831338,table,lower_is_better,best T&FN-listed collegiate-eligible mark; verified outside-season and pending marks allowed
collegiate_eligibility_anchors_v1_1,tfn_regular_plus_explicit_verified_postseason_pending_active_v1,outdoor,m,5000M,5000m,63580,15789,336,12:57.14,777.14,ratified_active_anchor,regular_collegiate_season,False,False,True,Nico Young,Northern Arizona,1/26/24,i,men_absolute,https://trackandfieldnews.com/records/mens-collegiate-records/,"June 16, 2026","5000 12:57.14i Nico Young (Northern Arizona) Boston, Massachusetts 1/26/24",621ab15132fe314528973c412a4e32bbbee1c6a3979d611e49d37dd9d6831338,table,lower_is_better,best T&FN-listed collegiate-eligible mark; verified outside-season and pending marks allowed
collegiate_eligibility_anchors_v1_1,tfn_regular_plus_explicit_verified_postseason_pending_active_v1,outdoor,m,800M,800m,95167,17095,337,1:41.77,101.77000000000001,verified_outside_season_active_anchor,outside_regular_season_tfn_eligibility_verified,False,True,True,Joaquim Cruz’,Oregon,8/26/84,,men_absolute,https://trackandfieldnews.com/records/mens-collegiate-records/,"June 16, 2026","800 1:41.77 Joaquim Cruz’ (Oregon) Cologne, Germany 8/26/84",621ab15132fe314528973c412a4e32bbbee1c6a3979d611e49d37dd9d6831338,table,lower_is_better,best T&FN-listed collegiate-eligible mark; explicit verified outside-season and pending marks allowed
collegiate_eligibility_anchors_v1_1,tfn_regular_plus_explicit_verified_postseason_pending_active_v1,outdoor,m,DEC,Decathlon,9141,2616,264,8961,8961.0,ratified_active_anchor,regular_collegiate_season,False,False,True,Leo Neugebauer’,Texas,6/05-06/24,,men_absolute,https://trackandfieldnews.com/records/mens-collegiate-records/,"June 16, 2026","Decathlon 8961 Leo Neugebauer’ (Texas) Eugene, Oregon 6/05-06/24",621ab15132fe314528973c412a4e32bbbee1c6a3979d611e49d37dd9d6831338,table,higher_is_better,best T&FN-listed collegiate-eligible mark; verified outside-season and pending marks allowed
collegiate_eligibility_anchors_v1_1,tfn_regular_plus_explicit_verified_postseason_pending_active_v1,outdoor,m,DT,Discus Throw,74470,8103,299,75.56,75.56,ratified_active_anchor,regular_collegiate_season,False,False,True,Mykolas Alekna’,Cal,4/13/25,,men_absolute,https://trackandfieldnews.com/records/mens-collegiate-records/,"June 16, 2026","Discus 75.56 | 247-11 Mykolas Alekna’ (Cal) Ramona, Oklahoma 4/13/25",621ab15132fe314528973c412a4e32bbbee1c6a3979d611e49d37dd9d6831338,table,higher_is_better,best T&FN-listed collegiate-eligible mark; verified outside-season and pending marks allowed
collegiate_eligibility_anchors_v1_1,tfn_regular_plus_explicit_verified_postseason_pending_active_v1,outdoor,m,HJ,High Jump,44711,5913,298,2.38,2.38,ratified_active_anchor,regular_collegiate_season,False,False,True,Hollis Conway,Louisiana-Lafayette,6/03/89,,men_absolute,https://trackandfieldnews.com/records/mens-collegiate-records/,"June 16, 2026","High Jump 2.38 | 7-9¾ Hollis Conway (Louisiana-Lafayette) Provo, Utah 6/03/89",621ab15132fe314528973c412a4e32bbbee1c6a3979d611e49d37dd9d6831338,table,higher_is_better,best T&FN-listed collegiate-eligible mark; verified outside-season and pending marks allowed
collegiate_eligibility_anchors_v1_1,tfn_regular_plus_explicit_verified_postseason_pending_active_v1,outdoor,m,HT,Hammer Throw,54625,4789,282,82.56,82.56,verified_outside_season_active_anchor,outside_regular_season_tfn_eligibility_verified,False,True,True,Balázs Kiss’,USC,8/23/95,,men_absolute,https://trackandfieldnews.com/records/mens-collegiate-records/,"June 16, 2026","Hammer 82.56 | 270-10 Balázs Kiss’ (USC) Veszprém, Hungary 8/23/95",621ab15132fe314528973c412a4e32bbbee1c6a3979d611e49d37dd9d6831338,table,higher_is_better,best T&FN-listed collegiate-eligible mark; explicit verified outside-season and pending marks allowed
collegiate_eligibility_anchors_v1_1,tfn_regular_plus_explicit_verified_postseason_pending_active_v1,outdoor,m,JT,Javelin Throw,50968,6501,301,89.10,89.1,ratified_active_anchor,regular_collegiate_season,False,False,True,Patrik Bodén’,Texas,3/24/90,,men_absolute,https://trackandfieldnews.com/records/mens-collegiate-records/,"June 16, 2026","Javelin 89.10 | 292-4 Patrik Bodén’ (Texas) Austin, Texas 3/24/90",621ab15132fe314528973c412a4e32bbbee1c6a3979d611e49d37dd9d6831338,table,higher_is_better,best T&FN-listed collegiate-eligible mark; verified outside-season and pending marks allowed
collegiate_eligibility_anchors_v1_1,tfn_regular_plus_explicit_verified_postseason_pending_active_v1,outdoor,m,LJ,Long Jump,63052,9159,310,8.74,8.74,ratified_active_anchor,regular_collegiate_season,False,False,True,Erick Walder,Arkansas,4/02/94,,men_absolute,https://trackandfieldnews.com/records/mens-collegiate-records/,"June 16, 2026","Long Jump 8.74 | 28-8¼(A) Erick Walder (Arkansas) El Paso, Texas 4/02/94",621ab15132fe314528973c412a4e32bbbee1c6a3979d611e49d37dd9d6831338,table,higher_is_better,best T&FN-listed collegiate-eligible mark; verified outside-season and pending marks allowed
collegiate_eligibility_anchors_v1_1,tfn_regular_plus_explicit_verified_postseason_pending_active_v1,outdoor,m,MILE,Mile,3644,2796,265,3:48.32,228.32,ratified_active_anchor,regular_collegiate_season,False,False,True,Ethan Strand,North Carolina,2/01/25,i,men_absolute,https://trackandfieldnews.com/records/mens-collegiate-records/,"June 16, 2026","Mile 3:48.32i Ethan Strand (North Carolina) Boston, Massachusetts 2/01/25",621ab15132fe314528973c412a4e32bbbee1c6a3979d611e49d37dd9d6831338,table,lower_is_better,best T&FN-listed collegiate-eligible mark; verified outside-season and pending marks allowed
collegiate_eligibility_anchors_v1_1,tfn_regular_plus_explicit_verified_postseason_pending_active_v1,outdoor,m,PV,Pole Vault,44804,5382,283,6.00,6.0,ratified_active_anchor,regular_collegiate_season,False,False,True,Mondo Duplantis,LSU,5/11/19,,men_absolute,https://trackandfieldnews.com/records/mens-collegiate-records/,"June 16, 2026","Pole Vault 6.00 | 19-8¼ Mondo Duplantis (LSU) Fayetteville, Arkansas 5/11/19",621ab15132fe314528973c412a4e32bbbee1c6a3979d611e49d37dd9d6831338,table,higher_is_better,best T&FN-listed collegiate-eligible mark; verified outside-season and pending marks allowed
collegiate_eligibility_anchors_v1_1,tfn_regular_plus_explicit_verified_postseason_pending_active_v1,outdoor,m,SP,Shot Put,64427,7639,302,22.00,22.0,ratified_active_anchor,regular_collegiate_season,False,False,True,John Godina,UCLA,6/03/95,,men_absolute,https://trackandfieldnews.com/records/mens-collegiate-records/,"June 16, 2026","Shot 22.00 | 72-2¼ John Godina (UCLA) Knoxville, Tennessee 6/03/95",621ab15132fe314528973c412a4e32bbbee1c6a3979d611e49d37dd9d6831338,table,higher_is_better,best T&FN-listed collegiate-eligible mark; verified outside-season and pending marks allowed
collegiate_eligibility_anchors_v1_1,tfn_regular_plus_explicit_verified_postseason_pending_active_v1,outdoor,m,TJ,Triple Jump,32072,4369,301,17.87,17.87,ratified_active_anchor,regular_collegiate_season,False,False,True,Jaydon Hibbert’,Arkansas,5/13/23,,men_absolute,https://trackandfieldnews.com/records/mens-collegiate-records/,"June 16, 2026","Triple Jump 17.87 | 58-7½ Jaydon Hibbert’ (Arkansas) Baton Rouge, Louisiana 5/13/23",621ab15132fe314528973c412a4e32bbbee1c6a3979d611e49d37dd9d6831338,table,higher_is_better,best T&FN-listed collegiate-eligible mark; verified outside-season and pending marks allowed
